,mean_fit_time,std_fit_time,mean_score_time,std_score_time,param_alpha,params,split0_test_score,split1_test_score,split2_test_score,mean_test_score,std_test_score,rank_test_score,split0_train_score,split1_train_score,split2_train_score,mean_train_score,std_train_score
0,0.12920371691385904,0.11601533758474561,0.005257924397786458,0.0013191538655441977,1,{'alpha': 1},0.8559083140839057,0.8679624325708379,0.862955134595859,0.8622752237833914,0.004944515212128674,6,0.8660540835967309,0.8772349703667295,0.8684733609719265,0.8705874716451288,0.0048031347538035965
1,0.04758985837300619,0.002971404290671997,0.0038263797760009766,0.00013622751640096802,0.5,{'alpha': 0.5},0.890516512245477,0.8863456602285542,0.8935112072916058,0.8901244642301462,0.0029384128545222685,4,0.8958358805014054,0.9013389761838377,0.8978623792837088,0.8983457453229841,0.002272479932943274
2,0.04748694101969401,0.0012314110938076014,0.0035080909729003906,0.00031889861216808355,0.2,{'alpha': 0.2},0.9056474135372226,0.8864517455936777,0.9056116003914577,0.8992369902857715,0.00904047053378566,3,0.9070606311623335,0.9112702554418057,0.9081003294064613,0.9088104053368667,0.0017904170861909043
3,0.04753692944844564,0.002220051002994332,0.00349577267964681,0.00028530037161593594,0.1,{'alpha': 0.1},0.9092480544586022,0.8834233903618187,0.909171377540889,0.9006143689971435,0.012155797688583032,1,0.9091401037881759,0.9130054524756637,0.9100627628735584,0.9107361063791326,0.0016482867320018826
4,0.04957445462544759,0.006320406035275513,0.0034772555033365884,0.000269542815663946,0.05,{'alpha': 0.05},0.9106565012694948,0.8812332185937304,0.9097293675222669,0.9005398069688506,0.013656953134179637,2,0.9098207801448263,0.9135291770903525,0.9108489188713946,0.9113996253688578,0.0015632253433544086
5,0.154191255569458,0.03556415411112816,0.0037384033203125,0.00016718033624934944,0.01,{'alpha': 0.01},0.8954792426621013,0.8442803160772918,0.8734096337157143,0.8710566658679499,0.020968045469775758,5,0.9105820143836104,0.9140856946295767,0.911829269147889,0.9121656593870253,0.001450014393315509
6,0.6325426896413168,0.2562410197154932,0.004388014475504558,0.000649013219600687,0.005,{'alpha': 0.005},0.6916957084157755,0.436244828649918,0.7271080900796807,0.618350348383616,0.12957601676662409,7,0.9113679723159789,0.9147006347551718,0.9124139343463261,0.9128275138058256,0.001391628712550343
