,mean_fit_time,std_fit_time,mean_score_time,std_score_time,param_n_neighbors,params,split0_test_score,split1_test_score,split2_test_score,mean_test_score,std_test_score,rank_test_score,split0_train_score,split1_train_score,split2_train_score,mean_train_score,std_train_score
0,0.2118500073750814,0.06137201969051793,18.298536618550617,1.27030942995906,5,{'n_neighbors': 5},0.9171443421996341,0.8821960540894265,0.9201617711124495,0.9065008394300242,0.01723002944101594,6,0.9463771679715074,0.948295176306995,0.9471736255997915,0.9472819899594312,0.000786763886470013
1,0.13009166717529297,0.007426754409055062,15.422306537628174,1.2409867570463746,10,{'n_neighbors': 10},0.9231119032083606,0.8870699146275676,0.9259932591382151,0.9120584804588998,0.017708550883543898,5,0.9376498088528812,0.9395344757384935,0.9387618102945398,0.9386486982953048,0.0007735580394984694
2,0.12810126940409342,0.009109863693761757,15.418678840001425,1.2286666018843562,12,{'n_neighbors': 12},0.9236007632115787,0.8869599102842246,0.927150946381295,0.9125706611702773,0.018167292577916393,3,0.9354787060767634,0.9371579665522902,0.9366310188029283,0.9364225638106607,0.0007012222895381118
3,0.11449400583902995,0.0037558935983019043,15.739404996236166,1.0433525138268986,15,{'n_neighbors': 15},0.9241431000357045,0.8859742569947682,0.9281530764808217,0.912756936294485,0.019008683364795904,1,0.9329636401934609,0.9345449003359203,0.9342463130147399,0.933918284514707,0.0006859533182163606
4,0.12227026621500652,0.0005205912607805675,16.301078240076702,0.8417279793350797,18,{'n_neighbors': 18},0.9242900556657394,0.8850851495705342,0.9284716157622356,0.9126157352901478,0.019541611632189385,2,0.9310278041365119,0.9323987673630345,0.9322688680906958,0.9318984798634141,0.0006179404616956805
5,0.12221336364746094,0.006766057709487714,16.93263268470764,1.0855200212437932,20,{'n_neighbors': 20},0.9241562320557973,0.8841080018362671,0.9287135515700079,0.9123260584906934,0.020039569456900053,4,0.9299336098916753,0.9310808753931742,0.9309895816956963,0.9306680223268486,0.0005206437384000063
