,mean_fit_time,std_fit_time,mean_score_time,std_score_time,param_n_estimators,params,split0_test_score,split1_test_score,mean_test_score,std_test_score,rank_test_score,split0_train_score,split1_train_score,mean_train_score,std_train_score
0,4.81807541847229,0.20425057411193848,0.6365290880203247,0.021700024604797363,1,{'n_estimators': 1},0.9126077046211919,0.9146903201541018,0.9136490123876467,0.0010413077664549464,7,0.968882193668353,0.9684082924912583,0.9686452430798056,0.00023695058854739104
1,37.475103974342346,0.05857408046722412,0.72388756275177,0.0011504888534545898,10,{'n_estimators': 10},0.955127479206335,0.9570816855749613,0.9561045823906482,0.000977103184313155,6,0.9921365954491369,0.9921270815251324,0.9921318384871347,4.756962002250287e-06
2,195.6844584941864,0.02572345733642578,1.5456594228744507,0.07841050624847412,50,{'n_estimators': 50},0.959254852480361,0.9604223753509049,0.959838613915633,0.0005837614352719456,5,0.9941623727051633,0.9942055993104449,0.9941839860078041,2.161330264083272e-05
3,427.2955878973007,6.67267906665802,2.5936394929885864,0.3877946138381958,100,{'n_estimators': 100},0.9598557025698509,0.9609940454771594,0.9604248740235051,0.0005691714536542603,4,0.99443533423389,0.9944778406393641,0.994456587436627,2.1253202737048227e-05
4,732.9780229330063,0.5187901258468628,3.8050495386123657,0.012787461280822754,200,{'n_estimators': 200},0.9601871080834072,0.9611641735204274,0.9606756408019174,0.0004885327185100707,3,0.994556778346079,0.9945880428417441,0.9945724105939115,1.563224783251993e-05
5,1101.1750329732895,1.2249099016189575,5.407158374786377,0.027130603790283203,300,{'n_estimators': 300},0.9602891656165282,0.9612334914248613,0.9607613285206946,0.0004721629041665176,2,0.9946060510576582,0.9946243768820623,0.9946152139698603,9.162912202043128e-06
6,1831.444573044777,2.8900760412216187,8.14674699306488,0.9714549779891968,500,{'n_estimators': 500},0.9603038725665011,0.9612469272476436,0.9607753999070723,0.000471527340571265,1,0.9946370922093425,0.9946584888623703,0.9946477905358564,1.0698326513902678e-05
